FILE,UNIT_NAME,ROOM_NAME,NAME,SECTION_NAME,PHASE,PHOTO_URL,STATUS,DESCRIPTION,HIGHLIGHT_LEFT,HIGHLIGHT_WIDTH,HIGHLIGHT_TOP,HIGHLIGHT_HEIGHT
1,Basement-Civil,Cracks/Damages,Damages/Cracks,Damages/Cracks,snagging,https://firebasestorage.googleapis.com/v0/b/nemmadi-console.appspot.com/o/1537335607730%2Fbig?alt=media&token=0308d03a-95e0-4b2f-bfa1-ef58eec2da65,,Crack observed in corner of wall. Wall - 1.,0.273353767,0.563539791,0.117452278,0.882547722
2,Basement-Civil,Cracks/Damages,Damages/Cracks,Damages/Cracks,snagging,https://firebasestorage.googleapis.com/v0/b/nemmadi-console.appspot.com/o/1537335633126%2Fbig?alt=media&token=bc7203c7-0514-4ffe-8858-3c524f566f31,,Cracks on wall. North east corner. ,0.183936024,0.731977844,0.232087057,0.635949432
3,Basement-Civil,Cracks/Damages,Damages/Cracks,Damages/Cracks,snagging,https://firebasestorage.googleapis.com/v0/b/nemmadi-console.appspot.com/o/1537335629084%2Fbig?alt=media&token=6e88365b-cba4-4962-ab4a-8be816935a9a,,Cracks observed on North-east wall. ,0.111154115,0.888845885,0.185687206,0.483103393
4,Basement-Civil,Cracks/Damages,Damages/Cracks,Damages/Cracks,snagging,https://firebasestorage.googleapis.com/v0/b/nemmadi-console.appspot.com/o/1537335612095%2Fbig?alt=media&token=a59b7437-256d-49dd-9d52-7724a9c29905,,Crack observed on flooring. Quadrant - 3.,0.289989614,0.582493925,0.188416528,0.571652147
5,Basement-Civil,Cracks/Damages,Damages/Cracks,Damages/Cracks,snagging,https://firebasestorage.googleapis.com/v0/b/nemmadi-console.appspot.com/o/1537335616467%2Fbig?alt=media&token=c0847271-6f01-4501-8683-170923e4b576,,Column edge damaged. Column - 4.,0.410599613,0.393022251,0.308510077,0.605926138
6,Basement-Civil,Cracks/Damages,Damages/Cracks,Damages/Cracks,snagging,https://firebasestorage.googleapis.com/v0/b/nemmadi-console.appspot.com/o/1537335620703%2Fbig?alt=media&token=5cc9496e-9519-48b9-80c0-c7a371298418,,Crack observed on security room wall. ,0.445950794,0.299445534,0.068323104,0.931676896
7,Basement-Civil,Cracks/Damages,Damages/Cracks,Damages/Cracks,snagging,https://firebasestorage.googleapis.com/v0/b/nemmadi-console.appspot.com/o/1537335625804%2Fbig?alt=media&token=691b4732-e535-43fb-9044-68092b459fd2,,Cracks observed on walls at South east corner and openings left in the walls to be filled. ,0.354453564,0.538585949,0.079240768,0.747854889
8,Ground Floor-Civil,Cracks/Damages,Damages/Cracks,Damages/Cracks,snagging,https://firebasestorage.googleapis.com/v0/b/nemmadi-console.appspot.com/o/1537335424069%2Fbig?alt=media&token=296fca6a-c463-4820-9bc9-6ff5666ade06,,Column edges damaged. Column - 3.,0.479222536,0.145563793,0.057405566,0.942594434
9,Ground Floor-Civil,Cracks/Damages,Damages/Cracks,Damages/Cracks,snagging,https://firebasestorage.googleapis.com/v0/b/nemmadi-console.appspot.com/o/1537335438085%2Fbig?alt=media&token=366bf193-4f0e-4cc4-b5f8-1a61fc007688,,Ramp edges damaged. ,0.217207718,0.576278019,0.199334191,0.70418461
10,Ground Floor-Civil,Cracks/Damages,Damages/Cracks,Damages/Cracks,snagging,https://firebasestorage.googleapis.com/v0/b/nemmadi-console.appspot.com/o/1537335445959%2Fbig?alt=media&token=957248df-aca5-43eb-acd7-8314da77e921,,Cracks observed in wall of North east side. ,0.454268742,0.282809639,0.152934465,0.554067643
11,Ground Floor-Civil,Cracks/Damages,Damages/Cracks,Damages/Cracks,snagging,https://firebasestorage.googleapis.com/v0/b/nemmadi-console.appspot.com/o/1537335433475%2Fbig?alt=media&token=de11b40f-d466-477d-a4ca-b22a9ae5a012,,Cracks observed in wall north side and louvres to be painted. ,0.25671792,0.476201487,0.374015683,0.625984317
12,Ground Floor-Civil,Cracks/Damages,Damages/Cracks,Damages/Cracks,snagging,https://firebasestorage.googleapis.com/v0/b/nemmadi-console.appspot.com/o/1537335441893%2Fbig?alt=media&token=5004c510-b11f-46b9-9c2c-4470d3252a41,,Crack on wall at north-west corner. ,0.304545975,0.512102509,0.218440071,0.781559929
13,Ground Floor-Civil,Cracks/Damages,Damages/Cracks,Damages/Cracks,snagging,https://firebasestorage.googleapis.com/v0/b/nemmadi-console.appspot.com/o/1537335428558%2Fbig?alt=media&token=8211fdcb-0efd-40bf-91e7-55a7b8758e61,,Tread at Second entrance damaged. ,0.200571871,0.372227383,0.603429951,0.396570049
14,Second Floor-Civil,Cracks/Damages,Damages/Cracks,Damages/Cracks,snagging,https://firebasestorage.googleapis.com/v0/b/nemmadi-console.appspot.com/o/1537339296203%2Fbig?alt=media&token=8207b960-0503-4b81-a861-1f479f13e287,,Capital edge damaged. Column - 2.,0.423076534,0.442929745,0.065593782,0.458538618
15,Second Floor-Civil,Cracks/Damages,Damages/Cracks,Damages/Cracks,snagging,https://firebasestorage.googleapis.com/v0/b/nemmadi-console.appspot.com/o/1537339300994%2Fbig?alt=media&token=16f5b04d-da89-4585-91e7-d736f8d5b628,,Dado tile damaged at staircase entry.,0.456348228,0.353512001,0.292133644,0.494021056
16,Second Floor-Civil,Cracks/Damages,Damages/Cracks,Damages/Cracks,snagging,https://firebasestorage.googleapis.com/v0/b/nemmadi-console.appspot.com/o/1537339310685%2Fbig?alt=media&token=cdf511e3-60a6-4ddc-845e-68aa3187442e,,Partition board to be removed. Wall - 3.,0.445950794,0.384704304,0.253922134,0.633220235
17,Second Floor-Civil,Cracks/Damages,Damages/Cracks,Damages/Cracks,snagging,https://firebasestorage.googleapis.com/v0/b/nemmadi-console.appspot.com/o/1537339306073%2Fbig?alt=media&token=5abd5e41-4f61-46a8-827a-f417778a85e0,,Column damaged. Column - 1.,0.383566332,0.363909483,0.256651581,0.743348419
18,Third Floor-Civil,Cracks/Damages,Damages/Cracks,Damages/Cracks,snagging,https://firebasestorage.googleapis.com/v0/b/nemmadi-console.appspot.com/o/1537275888479%2Fbig?alt=media&token=17ac9457-91d8-4281-86a0-aac1da2409c3,,"Crack on wall in lift area. Wall - 2.
",0.323261333,0.486598897,0.182957759,0.669815939
19,Third Floor-Civil,Cracks/Damages,Damages/Cracks,Damages/Cracks,snagging,https://firebasestorage.googleapis.com/v0/b/nemmadi-console.appspot.com/o/1537275900014%2Fbig?alt=media&token=2211425d-a0d8-42a7-9109-7f8cf1e0461f,,"Crack observed in wall at service lift room
above door.
",0.327420306,0.544824433,0.210251855,0.66597285
20,Third Floor-Civil,Cracks/Damages,Damages/Cracks,Damages/Cracks,snagging,https://firebasestorage.googleapis.com/v0/b/nemmadi-console.appspot.com/o/1537275894370%2Fbig?alt=media&token=37cef360-4b54-4465-b3f1-8c6455f89b4b,,"Beam edges are broken at entrance of
passenger lift.",0.16937964,0.430452895,0.188416528,0.679619961
21,Terrace-Civil,Cracks/Damages,Damages/Cracks,Damages/Cracks,snagging,https://firebasestorage.googleapis.com/v0/b/nemmadi-console.appspot.com/o/1536737942218%2Fbig?alt=media&token=e56a8800-41b0-47e2-94bf-d3f455db3f22,,Water stagnant at the base of Cooling tower.,0.093546879,0.895631206,0.345851961,0.46279507
22,Terrace-Civil,Cracks/Damages,Damages/Cracks,Damages/Cracks,snagging,https://firebasestorage.googleapis.com/v0/b/nemmadi-console.appspot.com/o/1537346681760%2Fbig?alt=media&token=2a5c8423-0631-4068-a704-41a836a1da54,,Staircase totally  rusted due to lack of maintenance; has to be replaced.,0.225,0.59375,0.245901639,0.754098361
23,Terrace-Civil,Cracks/Damages,Damages/Cracks,Damages/Cracks,snagging,https://firebasestorage.googleapis.com/v0/b/nemmadi-console.appspot.com/o/1537346895496%2Fbig?alt=media&token=da3d6f24-165a-48c8-8b00-2734f429f92c,,Cooling tower header pipe damaged.,0.00625,0.9875,0.020491803,0.696721311
24,Terrace-Civil,Cracks/Damages,Damages/Cracks,Damages/Cracks,snagging,https://firebasestorage.googleapis.com/v0/b/nemmadi-console.appspot.com/o/1537346963946%2Fbig?alt=media&token=c9899bf0-9623-4763-ad2e-ee8005313543,,Cooling pumps pedestal damaged.,0.04375,0.95,0.471311475,0.487704918
25,Above Terrace-Civil,Cracks/Damages,Damages/Cracks,Damages/Cracks,snagging,https://firebasestorage.googleapis.com/v0/b/nemmadi-console.appspot.com/o/1536924864290%2Fbig?alt=media&token=6a34274f-2a9a-44ee-9131-5edac3fe679d,,Floor tiles damaged at some places.,0.155946875,0.844053125,0.241675705,0.621852437
26,Above Terrace-Civil,Cracks/Damages,Damages/Cracks,Damages/Cracks,snagging,https://firebasestorage.googleapis.com/v0/b/nemmadi-console.appspot.com/o/1536924869915%2Fbig?alt=media&token=75a555ac-6fa4-4add-8fb8-df3147495a86,,Broken Floor tiles to be fixed.,0.145024991,0.734915614,0.130917533,0.849745829
27,Above Terrace-Civil,Cracks/Damages,Damages/Cracks,Damages/Cracks,snagging,https://firebasestorage.googleapis.com/v0/b/nemmadi-console.appspot.com/o/1536924874281%2Fbig?alt=media&token=ed5d2415-bfda-4437-9280-4e5deef4040a,,Partition wall is damaged.,0.143462491,0.789531302,0.178011785,0.673651648
28,Above Terrace-Civil,Cracks/Damages,Damages/Cracks,Damages/Cracks,snagging,https://firebasestorage.googleapis.com/v0/b/nemmadi-console.appspot.com/o/1537273231365%2Fbig?alt=media&token=4aa9b4d4-bf52-4325-a6ef-3643791b56c7,,"Headroom for MS staircase has cracks on wall
and bird mesh to be fully closed.",0.206810331,0.717855215,0.313968846,0.408388107
29,Above Terrace-Civil,Cracks/Damages,Damages/Cracks,Damages/Cracks,snagging,https://firebasestorage.googleapis.com/v0/b/nemmadi-console.appspot.com/o/1537273243949%2Fbig?alt=media&token=4dec72b8-8abf-4513-a7e2-f7eb60c5d329,,"Cracks on walls at area beside passenger lift
outer wall.
",0.206810331,0.657116461,0.278486783,0.663243528
30,Above Terrace-Civil,Cracks/Damages,Damages/Cracks,Damages/Cracks,snagging,https://firebasestorage.googleapis.com/v0/b/nemmadi-console.appspot.com/o/1537273247161%2Fbig?alt=media&token=412230af-bbc4-4a5f-84c9-484f454d8faa,,"Beam at passenger lift machine room has
cracks above door.",0.171459103,0.650878048,0.212981177,0.603196816
31,Above Terrace-Civil,Cracks/Damages,Damages/Cracks,Damages/Cracks,snagging,https://firebasestorage.googleapis.com/v0/b/nemmadi-console.appspot.com/o/1537273236688%2Fbig?alt=media&token=a527204b-4b59-4255-a7dc-558f699d3dcf,,"Cracks on Walls.
",0.483381462,0.516618538,0.264839798,0.683684928
32,Above Terrace-Civil,Cracks/Damages,Damages/Cracks,Damages/Cracks,snagging,https://firebasestorage.googleapis.com/v0/b/nemmadi-console.appspot.com/o/1537273240318%2Fbig?alt=media&token=f154ff55-cf2b-41c4-9218-8515a33ae267,,"Beam cracks at Passenger lift machine room open terrace.
beam cracks.",0.285830665,0.667513871,0.297592413,0.515856133
